Voltage,Current,Power
Voltage,Current,Power
0.00,0.00,0.00
225.70,0.02,1.30
225.70,0.02,1.20
225.90,0.02,1.40
226.20,0.03,1.60
225.50,0.03,1.40
227.50,0.02,1.40
227.30,0.02,1.40
227.60,0.02,1.20
227.60,0.02,1.50
227.20,0.02,1.50
227.60,0.02,1.70
226.90,0.02,1.40
226.90,0.02,1.50
226.70,0.02,1.30
226.70,0.02,1.50
226.60,0.03,1.70
226.80,0.02,1.50
226.60,0.02,1.30
226.80,0.02,1.30
227.00,0.02,1.40
227.00,0.02,1.40
227.10,0.02,1.50
227.20,0.02,1.50
227.00,0.02,1.40
226.70,0.02,1.40
227.00,0.02,1.30
227.30,0.02,1.20
227.30,0.02,1.40
227.20,0.02,1.30
227.40,0.02,1.30
227.20,0.02,1.40
227.40,0.02,1.20
227.20,0.02,1.40
227.80,0.00,1.30
227.50,0.02,1.40
227.50,0.02,1.50
227.40,0.02,1.40
227.60,0.02,1.50
227.20,0.02,1.30
227.40,0.02,1.40
227.50,0.02,1.40
227.00,0.02,1.50
226.90,0.02,1.30
227.20,0.02,1.30
228.40,0.00,1.30
228.30,0.00,1.40
227.40,0.02,1.30
227.60,0.02,1.40
227.10,0.02,1.20
226.90,0.02,1.30
227.40,0.02,1.40
227.10,0.02,1.50
227.30,0.02,1.60
227.30,0.02,1.20
227.30,0.02,1.40
227.10,0.02,1.40
227.30,0.02,1.20
227.20,0.02,1.20
227.20,0.02,1.30
226.90,0.02,1.40
227.50,0.02,1.10
227.20,0.02,1.50
226.90,0.02,1.00
227.10,0.02,1.20
227.20,0.02,1.30
227.70,0.00,1.50
227.60,0.02,1.20
227.40,0.02,1.30
227.00,0.02,1.40
227.60,0.02,1.20
227.50,0.02,1.50
227.60,0.02,1.20
227.40,0.02,1.10
227.60,0.02,1.40
227.90,0.02,1.50
227.60,0.02,1.40
227.70,0.02,1.60
227.30,0.02,1.30
227.50,0.02,1.40
228.00,0.00,1.30
228.00,0.00,1.30
227.80,0.00,1.30
227.50,0.02,1.20
227.90,0.00,1.40
228.00,0.00,1.30
227.80,0.00,1.50
227.60,0.02,1.40
227.70,0.00,1.40
227.60,0.02,1.40
227.60,0.02,1.50
227.50,0.02,1.50
227.60,0.02,1.30
